{
  "gnss_t": [
    0.0,
    1.0,
    2.0,
    3.0,
    4.0,
    5.0,
    6.0,
    7.0,
    8.0,
    9.0,
    10.0,
    11.0,
    12.0,
    13.0,
    14.0,
    15.0,
    16.0,
    17.0,
    18.0,
    19.0,
    20.0,
    21.0,
    22.0,
    23.0,
    24.0,
    25.0,
    26.0,
    27.0,
    28.0,
    29.0,
    30.0,
    31.0,
    32.0,
    33.0,
    34.0,
    35.0,
    36.0,
    37.0,
    38.0,
    39.0,
    40.0,
    41.0,
    42.0,
    43.0,
    44.0,
    45.0,
    46.0,
    47.0,
    48.0,
    49.0,
    50.0,
    51.0,
    52.0,
    53.0,
    54.0,
    55.0
  ],
  "gnss_ne": [
    [
      0.04920613429930297,
      11.949821500338796
    ],
    [
      -10.965514214488703,
      -35.62367355029097
    ],
    [
      -18.1868314068689,
      -39.665862199858495
    ],
    [
      2.4057441038975393,
      53.60860982218134
    ],
    [
      -19.688260742053185,
      -24.818995992797618
    ],
    [
      19.593682007407928,
      14.27548032640243
    ],
    [
      0.03162427469936956,
      -0.2791404134124614
    ],
    [
      0.9912244532610179,
      0.20859095833748634
    ],
    [
      1.5967356358144755,
      -0.13728472831206545
    ],
    [
      2.429633178059747,
      -0.38686132193549283
    ],
    [
      3.44747948866248,
      -0.07052733932240438
    ],
    [
      4.619766055566889,
      0.08137930764651045
    ],
    [
      6.047025325987268,
      -0.056079283388986316
    ],
    [
      6.244972086753846,
      -0.16160786875399097
    ],
    [
      7.985449716379678,
      0.03399269580099227
    ],
    [
      8.540959270348383,
      -0.1433259828101792
    ],
    [
      9.706444276583008,
      -0.24265117182767976
    ],
    [
      11.318269587015823,
      -0.24226040259956894
    ],
    [
      11.990243488516343,
      0.26531696021495216
    ],
    [
      12.824919870177009,
      -0.03351058487524789
    ],
    [
      14.033139242974844,
      0.019134532276518585
    ],
    [
      14.632483252074692,
      0.022842069113102426
    ],
    [
      16.40764702652246,
      -0.46414340343854465
    ],
    [
      17.25781480640648,
      0.03580620770897437
    ],
    [
      17.807558881767832,
      0.6001249639027268
    ],
    [
      19.228677913625415,
      -0.359786670631567
    ],
    [
      20.02235486863144,
      0.17300687510105558
    ],
    [
      20.943365362394776,
      0.2048730801585618
    ],
    [
      21.980044803955174,
      0.20017426825029835
    ],
    [
      23.431556777496844,
      -0.20269867530169583
    ],
    [
      900.0,
      0.0
    ],
    [
      25.03818052336775,
      -0.35615835835504195
    ],
    [
      25.826209521049197,
      -0.058858791841349005
    ],
    [
      27.26962916163012,
      0.3435666022362396
    ],
    [
      27.602941662254725,
      -0.23839270979611485
    ],
    [
      29.194071026772026,
      -0.5977259352523483
    ],
    [
      29.86104904051429,
      -0.029186077701026707
    ],
    [
      31.377104493186046,
      0.20682117017122667
    ],
    [
      31.90183597393334,
      -0.11057276822998773
    ],
    [
      32.924941379844626,
      0.457058820136848
    ],
    [
      33.87159251722814,
      -0.09110411650941881
    ],
    [
      35.10577672018558,
      -0.036231133525936536
    ],
    [
      35.94081473161028,
      -0.3342201429453169
    ],
    [
      36.99654355958844,
      -0.13307436689232577
    ],
    [
      38.34983833285707,
      0.19592655081034913
    ],
    [
      38.99275691609702,
      0.20051430698020314
    ],
    [
      39.898039134486055,
      0.31563790752808407
    ],
    [
      40.99838013179851,
      0.17501470625412416
    ],
    [
      41.61273202640295,
      0.10400401466352892
    ],
    [
      42.49353876479004,
      -0.6105986834819797
    ],
    [
      43.90865693668657,
      -0.26997828227957854
    ],
    [
      45.049215838713664,
      0.6734269879458148
    ],
    [
      45.750483045576374,
      -0.18718307593317177
    ],
    [
      47.06162118381941,
      0.1479039874237069
    ],
    [
      47.947078180228274,
      -0.06177909907596494
    ],
    [
      49.21073888653616,
      0.15597229111016953
    ]
  ],
  "reported_acc_m": [
    14.0,
    14.0,
    14.0,
    14.0,
    14.0,
    14.0,
    14.0,
    14.0,
    14.0,
    14.0,
    14.0,
    14.0,
    14.0,
    14.0,
    14.0,
    14.0,
    14.0,
    14.0,
    14.0,
    14.0,
    14.0,
    14.0,
    14.0,
    14.0,
    14.0,
    14.0,
    14.0,
    14.0,
    14.0,
    14.0,
    14.0,
    14.0,
    14.0,
    14.0,
    14.0,
    14.0,
    14.0,
    14.0,
    14.0,
    14.0,
    300.0,
    14.0,
    14.0,
    14.0,
    14.0,
    14.0,
    14.0,
    14.0,
    14.0,
    14.0,
    14.0,
    14.0,
    14.0,
    14.0,
    14.0,
    14.0
  ],
  "params": {
    "max_speed_mps": 5.0,
    "lock_window": 5,
    "lock_disp_m": 5.0,
    "acc_backstop_m": 50.0
  },
  "expected_mask": [
    false,
    false,
    false,
    false,
    false,
    false,
    true,
    true,
    true,
    true,
    true,
    true,
    true,
    true,
    true,
    true,
    true,
    true,
    true,
    true,
    true,
    true,
    true,
    true,
    true,
    true,
    true,
    true,
    true,
    true,
    false,
    true,
    true,
    true,
    true,
    true,
    true,
    true,
    true,
    true,
    false,
    true,
    true,
    true,
    true,
    true,
    true,
    true,
    true,
    true,
    true,
    true,
    true,
    true,
    true,
    true
  ]
}